{"r2": 0.2800859570590679, "mse": 0.7898801977006105}